ClientNum,Profit
CLT1000,6728.63
CLT1001,6817.12
CLT1002,19634.8
CLT1003,5710.54
CLT1004,20823.96
CLT1005,107626.75
CLT1006,7051.07
CLT1007,361852.83
CLT1008,4809.1
CLT1009,9758.42
CLT1010,3432.28
CLT1011,7314.48
CLT1012,82024.92
CLT1013,64079.17
CLT1014,343.2
CLT1015,1268.22
CLT1016,11965.1
CLT1017,304.32
CLT1018,7291.93
CLT1019,2393.02
CLT1020,16646.28
CLT1021,57486.22
CLT1022,9124.34
CLT1023,221497.94
CLT1024,1095.57
CLT1025,4651.17
CLT1026,3651.07
CLT1027,120383.56
CLT1028,1337.41
CLT1029,51915.97
CLT1030,1165.81
CLT1031,5773.27
CLT1032,12257.86
CLT1033,340975.66
CLT1034,181335.11
CLT1035,76693.56
CLT1036,26903.77
CLT1037,10621.79
CLT1038,17396.31
CLT1039,7889.6
CLT1040,3394.99
CLT1041,171245.58
CLT1042,4000.42
CLT1043,1145752.07
CLT1044,5304.84
CLT1045,11434.48
CLT1046,2301.86
CLT1047,173910.81
CLT1048,37652.61
CLT1049,182966.3
CLT1050,13147.76
CLT1051,1036.83
CLT1052,8771.19
CLT1053,18334.6
CLT1054,8644.68
CLT1055,35767.39
CLT1056,60447.92
CLT1057,16661.3
CLT1058,11462.39
CLT1059,17496.02
CLT1060,3430.95
CLT1061,2738.58
CLT1062,115669.45
CLT1063,59474.74
CLT1064,132.72
CLT1065,2051.16
CLT1066,0.0
CLT1067,9478.24
CLT1068,161122.89
CLT1069,11209.53
CLT1070,7628.17
CLT1071,184008.02
CLT1072,456.35
CLT1073,7320.9
CLT1074,4154.6
CLT1075,261325.03
CLT1076,4808.16
CLT1077,16247.4
CLT1078,8708.7
CLT1079,5519.4
CLT1080,6259.58
CLT1081,1114.06
CLT1082,753.44
CLT1083,104339.92
CLT1084,123271.5
CLT1085,431936.25
CLT1086,3170.58
CLT1087,54093.53
CLT1088,1466.38
CLT1089,73367.12
CLT1090,11386.27
CLT1091,20578.62
CLT1092,2969.21
CLT1093,2264.32
CLT1094,30806.52
CLT1095,47438.21
CLT1096,7777.52
CLT1097,74700.34
CLT1098,326189.5
CLT1099,1544.41
CLT1100,31837.31
CLT1101,53746.86
CLT1102,107837.2
CLT1103,427.66
CLT1104,2885.31
CLT1105,7137.51
CLT1106,14528.32
CLT1107,21483.61
CLT1108,36771.02
CLT1109,10766.02
CLT1110,18807.89
CLT1111,4366.66
CLT1112,13474.16
CLT1113,70484.93
CLT1114,22385.57
CLT1115,2793.87
CLT1116,40676.07
CLT1117,1340.63
CLT1118,3195.23
CLT1119,13100.3
CLT1120,5893.12
CLT1121,21497.83
CLT1122,15265.3
CLT1123,43924.09
CLT1124,44382.5
CLT1125,16671.25
CLT1126,10585.37
CLT1127,114932.09
CLT1128,21518.98
CLT1129,14633.35
CLT1130,88499.72
CLT1131,10765.24
CLT1132,6682.48
CLT1133,16598.18
CLT1134,12528.42
CLT1135,8595.31
CLT1136,155578.45
CLT1137,191833.13
CLT1138,949.16
CLT1139,118206.98
CLT1140,8814.64
CLT1141,2064.58
CLT1142,52875.38
CLT1143,3512.43
CLT1144,103825.1
CLT1145,143991.43
CLT1146,26380.57
CLT1147,4885.23
CLT1148,8135.2
CLT1149,31780.99
CLT1150,697.13
CLT1151,380.74
CLT1152,4577.7
CLT1153,11895.41
CLT1154,70221.14
CLT1155,316.39
CLT1156,2467.28
CLT1157,106452.83
CLT1158,9554.38
CLT1159,27238.47
CLT1160,4003.1
CLT1161,13977.91
CLT1162,1034.96
CLT1163,16836.96
CLT1164,131725.21
CLT1165,7339.94
CLT1166,3566.87
CLT1167,99388.73
CLT1168,19122.72
CLT1169,15102.27
CLT1170,26464.3
CLT1171,13135.52
CLT1172,30028.47
CLT1173,18798.08
CLT1174,281591.81
CLT1175,9025.12
CLT1176,18035.3
CLT1177,3134.66
CLT1178,2363.8
CLT1179,6584.86
CLT1180,4860.0
CLT1181,3850.16
CLT1182,9662.45
CLT1183,4451.97
CLT1184,114979.66
CLT1185,182968.72
CLT1186,1453.25
CLT1187,177069.23
CLT1188,13526.93
CLT1189,12258.67
CLT1190,2212.04
CLT1191,11510.61
CLT1192,16192.12
CLT1193,8060.91
CLT1194,50430.18
CLT1195,7859.57
CLT1196,158.2
CLT1197,6587.59
CLT1198,11088.85
CLT1199,1746.56
CLT1200,8022.59
CLT1201,45590.75
CLT1202,174886.48
CLT1203,208.07
CLT1204,8111.57
CLT1205,1671.51
CLT1206,9002.33
CLT1207,39140.74
CLT1208,297716.05
CLT1209,21172.58
CLT1210,4708.27
CLT1211,225034.61
CLT1212,10436.25
CLT1213,16492.21
CLT1214,6228.56
CLT1215,19496.77
CLT1216,18942.56
CLT1217,253.38
CLT1218,8169.79
CLT1219,2213.1
CLT1220,20749.16
CLT1221,12658.23
CLT1222,47282.64
CLT1223,65398.6
CLT1224,3166.58
CLT1225,12465.14
CLT1226,7051.99
CLT1227,13532.29
CLT1228,7308.58
CLT1229,32754.25
CLT1230,91.16
CLT1231,2823.38
CLT1232,1599.3
CLT1233,3787.01
CLT1234,120519.72
CLT1235,2388.98
CLT1236,458.77
CLT1237,16664.55
CLT1238,30624.24
CLT1239,4115.71
CLT1240,21192.69
CLT1241,12202.96
CLT1242,8491.26
CLT1243,22873.79
CLT1244,6704.45
CLT1245,1796.43
CLT1246,3789.43
CLT1247,3466.32
CLT1248,120053.21
CLT1249,53428.35
CLT1250,392.8
CLT1251,236722.34
CLT1252,198732.91
CLT1253,61674.82
CLT1254,105550.73
CLT1255,81.78
CLT1256,26200.52
CLT1257,14394.34
CLT1258,55866.78
CLT1259,348504.07
CLT1260,19478.23
CLT1261,2394.36
CLT1262,134313.7
CLT1263,12781.0
CLT1264,49528.38
CLT1265,265.44
CLT1266,10160.1
CLT1267,3560.97
CLT1268,203394.32
CLT1269,5839.75
CLT1270,17413.5
CLT1271,9064.51
CLT1272,50482.39
CLT1273,5527.94
CLT1274,331.14
CLT1275,3238.95
CLT1276,6719.49
CLT1277,4288.4
CLT1278,97122.49
CLT1279,19774.59
CLT1280,9517.64
CLT1281,2198.09
CLT1282,6802.36
CLT1283,74545.32
CLT1284,1540.92
CLT1285,33637.59
CLT1286,45007.63
CLT1287,17603.78
CLT1288,7582.41
CLT1289,2207.2
CLT1290,10649.38
CLT1291,480203.72
CLT1292,20658.86
CLT1293,0.0
CLT1294,1762.67
CLT1295,3381.04
CLT1296,6902.63
CLT1297,186454.46
CLT1298,57916.39
CLT1299,7656.57
CLT1300,91.16
CLT1301,183498.95
CLT1302,10690.11
CLT1303,16990.31
CLT1304,12341.55
CLT1305,2964.68
CLT1306,6134.15
CLT1307,172954.32
CLT1308,442833.58
CLT1309,16427.48
CLT1310,557.7
CLT1311,0.0
CLT1312,0.0
CLT1313,5675.13
CLT1314,7705.88
CLT1315,68062.23
CLT1316,70424.54
CLT1317,2214.72
CLT1318,19610.66
CLT1319,28576.26
CLT1320,34539.96
CLT1321,220495.88
CLT1322,14812.85
CLT1323,136350.74
CLT1324,714512.14
CLT1325,30672.55
CLT1326,2905.14
CLT1327,45700.46
CLT1328,945.95
CLT1329,5745.94
CLT1330,7999.54
CLT1331,3478.92
CLT1332,23478.67
CLT1333,2210.68
CLT1334,3998.03
CLT1335,17571.21
CLT1336,8972.83
CLT1337,941411.18
CLT1338,1820.56
CLT1339,8482.14
CLT1340,6440.95
CLT1341,34844.3
CLT1342,27048.39
CLT1343,43154.03
CLT1344,118120.11
CLT1345,87353.97
CLT1346,4854.95
CLT1347,18822.42
CLT1348,4196.14
CLT1349,3222.85
CLT1350,7404.03
CLT1351,2648.81
CLT1352,13774.37
CLT1353,85.8
CLT1354,21584.58
CLT1355,171116.45
CLT1356,93116.16
CLT1357,7957.94
CLT1358,17040.7
CLT1359,16016.01
CLT1360,4708.28
CLT1361,2080.64
CLT1362,30816.73
CLT1363,10420.0
CLT1364,6832.65
CLT1365,13626.69
CLT1366,163520.62
CLT1367,16300.19
CLT1368,9237.5
CLT1369,49083.77
CLT1370,8960.5
CLT1371,660.93
CLT1372,2947.23
CLT1373,155568.65
CLT1374,3251.01
CLT1375,57614.8
CLT1376,4328.09
CLT1377,5995.02
CLT1378,21322.68
CLT1379,20463.39
CLT1380,69555.55
CLT1381,627.15
CLT1382,5436.52
CLT1383,11351.64
CLT1384,19063.18
CLT1385,166861.38
CLT1386,2095.94
CLT1387,32522.54
CLT1388,38327.18
CLT1389,83128.33
CLT1390,19342.59
CLT1391,35009.38
CLT1392,39443.03
CLT1393,29779.6
CLT1394,21407.48
CLT1395,11322.69
CLT1396,15072.66
CLT1397,11832.4
CLT1398,13068.47
CLT1399,159333.78
CLT1400,5621.24
CLT1401,378726.47
CLT1402,7397.31
CLT1403,845.66
CLT1404,6414.7
CLT1405,5638.66
CLT1406,15098.05
CLT1407,36303.53
CLT1408,223141.79
CLT1409,2938.65
CLT1410,29121.36
CLT1411,11289.25
CLT1412,3621.03
CLT1413,16060.76
CLT1414,97017.55
CLT1415,9384.42
CLT1416,2993.88
CLT1417,40342.18
CLT1418,22765.73
CLT1419,15050.98
CLT1420,10791.81
CLT1421,9768.87
CLT1422,168.92
CLT1423,11703.67
CLT1424,50906.0
CLT1425,4508.52
CLT1426,12030.81
CLT1427,16443.63
CLT1428,9353.31
CLT1429,62139.48
CLT1430,101194.08
CLT1431,2835.43
CLT1432,15232.22
CLT1433,47878.91
CLT1434,335250.42
CLT1435,26365.29
CLT1436,133614.63
CLT1437,33604.67
CLT1438,30217.77
CLT1439,134697.3
CLT1440,3606.29
CLT1441,8532.08
CLT1442,999.57
CLT1443,138854.09
CLT1444,3887.27
CLT1445,121880.88
CLT1446,1434.47
CLT1447,43056.64
CLT1448,14389.22
CLT1449,5379.38
CLT1450,1871.52
CLT1451,142481.78
CLT1452,0.0
CLT1453,11188.32
CLT1454,34510.14
CLT1455,1825.95
CLT1456,28141.82
CLT1457,9151.65
CLT1458,17385.78
CLT1459,239701.57
CLT1460,4399.12
CLT1461,9254.36
CLT1462,132856.95
CLT1463,23125.37
CLT1464,24630.03
CLT1465,91.16
CLT1466,50261.52
CLT1467,27044.44
CLT1468,300821.07
CLT1469,9452.78
CLT1470,171702.99
CLT1471,772.2
CLT1472,14282.47
CLT1473,1922.19
CLT1474,81897.42
CLT1475,158019.19
CLT1476,14010.92
CLT1477,36654.38
CLT1478,193745.16
CLT1479,5944.34
CLT1480,9805.07
CLT1481,7520.93
CLT1482,2663.29
CLT1483,32567.17
CLT1484,149731.24
CLT1485,5791.51
CLT1486,7424.93
CLT1487,118173.27
CLT1488,233.27
CLT1489,27701.41
CLT1490,796.33
CLT1491,5463.03
CLT1492,52270.38
CLT1493,7349.04
CLT1494,2628.96
CLT1495,18893.78
CLT1496,26530.52
CLT1497,26551.08
CLT1498,6502.03
CLT1499,258.22
CLT1500,3608.95
CLT1501,2452.0
CLT1502,4735.82
CLT1503,3905.24
CLT1504,105818.38
CLT1505,3834.21
CLT1506,57197.26
CLT1507,1751.93
CLT1508,139.43
CLT1509,137896.67
CLT1510,16343.59
CLT1511,257578.06
CLT1512,7550.41
CLT1513,698433.32
CLT1514,26881.65
CLT1515,805.72
CLT1516,19155.7
CLT1517,6505.51
CLT1518,8818.41
CLT1519,16834.26
CLT1520,49539.07
CLT1521,5568.69
CLT1522,15149.07
CLT1523,5892.85
CLT1524,382933.02
CLT1525,207466.07
CLT1526,4086.23
CLT1527,20360.17
CLT1528,50317.45
CLT1529,13249.73
CLT1530,6615.98
CLT1531,237723.63
CLT1532,1072.5
CLT1533,17829.0
CLT1534,3331.18
CLT1535,82766.19
CLT1536,17861.8
CLT1537,20035.67
CLT1538,199669.54
CLT1539,5126.23
CLT1540,27831.4
CLT1541,83288.34
CLT1542,2267.28
CLT1543,5603.82
CLT1544,251188.44
CLT1545,9140.14
CLT1546,28975.87
CLT1547,863.36
CLT1548,17517.97
CLT1549,27192.43
CLT1550,34654.7
CLT1551,11114.07
CLT1552,41370.63
CLT1553,6326.94
CLT1554,17021.14
CLT1555,36459.74
CLT1556,6142.19
CLT1557,13200.07
CLT1558,4819.03
CLT1559,17857.14
CLT1560,169032.32
CLT1561,21009.02
CLT1562,15230.33
CLT1563,3466.86
CLT1564,2802.99
CLT1565,4763.5
CLT1566,20432.48
CLT1567,2920.97
CLT1568,179449.19
CLT1569,3943.06
CLT1570,411265.68
CLT1571,1511.97
CLT1572,28233.93
CLT1573,5333.05
CLT1574,6187.52
CLT1575,5315.04
CLT1576,2561.68
CLT1577,182.32
CLT1578,109.93
CLT1579,42978.39
CLT1580,2094.06
CLT1581,26639.52
CLT1582,7038.28
CLT1583,24952.83
CLT1584,41994.32
CLT1585,11050.35
CLT1586,9034.23
CLT1587,40772.56
CLT1588,49144.82
CLT1589,3200.09
CLT1590,15944.08
CLT1591,6833.44
CLT1592,18195.54
CLT1593,3527.45
CLT1594,328.45
CLT1595,7613.21
CLT1596,1538.24
CLT1597,8346.75
CLT1598,80889.46
CLT1599,39374.56
CLT1600,418.28
CLT1601,4367.23
CLT1602,636.8
CLT1603,8221.5
CLT1604,183750.81
CLT1605,223725.54
CLT1606,366660.64
CLT1607,9179.54
CLT1608,110104.34
CLT1609,81453.54
CLT1610,133651.4
CLT1611,212842.67
CLT1612,2248.22
CLT1613,44509.89
CLT1614,10100.29
CLT1615,247046.71
CLT1616,990.71
CLT1617,38355.37
CLT1618,31375.98
CLT1619,62744.72
CLT1620,8085.86
CLT1621,154421.54
CLT1622,42886.9
CLT1623,20590.18
CLT1624,344595.04
CLT1625,7451.45
CLT1626,9909.9
CLT1627,1917.09
CLT1628,3080.23
CLT1629,6121.58
CLT1630,21231.48
CLT1631,1081.89
CLT1632,393120.47
CLT1633,45990.18
CLT1634,6580.84
CLT1635,18896.26
CLT1636,40622.51
CLT1637,23611.21
CLT1638,258354.84
CLT1639,63608.0
CLT1640,14576.64
CLT1641,212052.72
CLT1642,6093.43
CLT1643,12696.62
CLT1644,113061.84
CLT1645,2602.15
CLT1646,5769.53
CLT1647,7188.97
CLT1648,4221.39
CLT1649,172145.61
CLT1650,1739.34
CLT1651,11209.27
CLT1652,64602.38
CLT1653,249528.43
CLT1654,941.13
CLT1655,745.39
CLT1656,9457.31
CLT1657,20751.59
CLT1658,1630.2
CLT1659,1692.57
CLT1660,197.07
CLT1661,4735.1
CLT1662,39622.75
CLT1663,24725.25
CLT1664,6209.78
CLT1665,5170.26
CLT1666,56381.46
CLT1667,2174.48
CLT1668,3497.15
CLT1669,12167.57
CLT1670,12414.74
CLT1671,23777.41
CLT1672,75529.98
CLT1673,10340.81
CLT1674,9776.37
CLT1675,30219.9
CLT1676,21844.26
CLT1677,15535.97
CLT1678,69318.01
CLT1679,7859.58
CLT1680,645.65
CLT1681,723.94
CLT1682,171397.1
CLT1683,12262.71
CLT1684,1648.7
CLT1685,20252.85
CLT1686,6552.18
CLT1687,199590.86
CLT1688,1132.83
CLT1689,954.53
CLT1690,24164.31
CLT1691,309831.25
CLT1692,3678.69
CLT1693,4799.44
CLT1694,19331.88
CLT1695,0.0
CLT1696,1773.37
CLT1697,1894.3
CLT1698,3628.27
CLT1699,5285.29
CLT1700,47345.31
CLT1701,3853.51
CLT1702,5845.17
CLT1703,933.08
CLT1704,78170.65
CLT1705,11169.82
CLT1706,23403.82
CLT1707,28572.26
CLT1708,25483.21
CLT1709,165107.58
CLT1710,273726.27
CLT1711,32519.31
CLT1712,11202.81
CLT1713,4394.0
CLT1714,40931.45
CLT1715,13218.29
CLT1716,3175.95
CLT1717,26852.7
CLT1718,25858.58
CLT1719,4263.21
CLT1720,8265.51
CLT1721,101241.8
CLT1722,16189.4
CLT1723,6287.54
CLT1724,6349.21
CLT1725,10834.98
CLT1726,7282.24
CLT1727,4113.84
CLT1728,1022.09
CLT1729,47483.57
CLT1730,7843.44
CLT1731,255462.45
CLT1732,2072.61
CLT1733,16576.86
CLT1734,392.8
CLT1735,3847.58
CLT1736,74481.04
CLT1737,40531.27
CLT1738,47308.54
CLT1739,290.38
CLT1740,8869.59
CLT1741,16552.16
CLT1742,9210.1
CLT1743,64539.12
CLT1744,4907.76
CLT1745,30770.07
CLT1746,2976.47
CLT1747,9969.97
CLT1748,159691.56
CLT1749,5491.2
CLT1750,4391.07
CLT1751,7272.89
CLT1752,8841.43
CLT1753,10036.73
CLT1754,188978.45
CLT1755,1911.47
CLT1756,3474.62
CLT1757,2456.02
CLT1758,12392.76
CLT1759,17306.85
CLT1760,51298.83
CLT1761,44147.73
CLT1762,5772.0
CLT1763,15135.67
CLT1764,6158.93
CLT1765,5464.92
CLT1766,956962.82
CLT1767,14299.69
CLT1768,13404.36
CLT1769,202471.06
CLT1770,119436.19
CLT1771,405.41
CLT1772,9349.6
CLT1773,2855.53
CLT1774,18772.0
CLT1775,10799.27
CLT1776,317537.99
CLT1777,4206.07
CLT1778,2215.52
CLT1779,7057.03
CLT1780,125352.57
CLT1781,1544.41
CLT1782,7616.1
CLT1783,1122.39
CLT1784,31110.65
CLT1785,10983.21
CLT1786,68952.65
CLT1787,16788.35
CLT1788,14226.47
CLT1789,1553.78
CLT1790,12084.96
CLT1791,18620.04
CLT1792,19411.21
CLT1793,5526.09
CLT1794,10076.16
CLT1795,912.96
CLT1796,11962.41
CLT1797,23744.21
CLT1798,8775.76
CLT1799,95746.22
CLT1800,14858.71
CLT1801,80885.56
CLT1802,21261.04
CLT1803,39220.92
CLT1804,13045.63
CLT1805,138905.3
CLT1806,7911.88
CLT1807,6820.31
CLT1808,12211.5
CLT1809,8310.02
CLT1810,3220.19
CLT1811,114568.67
CLT1812,5148.0
CLT1813,4519.81
CLT1814,8257.66
CLT1815,143654.24
CLT1816,1403.65
CLT1817,19360.9
CLT1818,443664.92
CLT1819,7138.58
CLT1820,81602.9
CLT1821,141041.76
CLT1822,34658.52
CLT1823,1872.03
CLT1824,2140.97
CLT1825,950.51
CLT1826,3549.97
CLT1827,3323.66
CLT1828,74297.68
CLT1829,6612.0
CLT1830,25694.97
CLT1831,2052.49
CLT1832,15586.16
CLT1833,3734.18
CLT1834,57846.61
CLT1835,3509.23
CLT1836,17048.22
CLT1837,9698.12
CLT1838,4810.19
CLT1839,4264.79
CLT1840,13907.39
CLT1841,9488.46
CLT1842,271035.83
CLT1843,24733.29
CLT1844,291633.94
CLT1845,5150.42
CLT1846,4054.59
CLT1847,13915.71
CLT1848,62028.35
CLT1849,51970.03
CLT1850,12549.57
CLT1851,318.05
CLT1852,320996.36
CLT1853,9187.57
CLT1854,11443.69
CLT1855,8567.68
CLT1856,3289.9
CLT1857,71995.83
CLT1858,8711.11
CLT1859,15836.84
CLT1860,5592.58
CLT1861,88240.06
CLT1862,13310.28
CLT1863,15776.79
CLT1864,81.78
CLT1865,6709.04
CLT1866,8356.11
CLT1867,73290.65
CLT1868,21195.6
CLT1869,202791.59
CLT1870,5725.92
CLT1871,2144631.72
CLT1872,5211.01
CLT1873,5028.98
CLT1874,14023.78
CLT1875,363921.83
CLT1876,63626.89
CLT1877,266131.1
CLT1878,23411.42
CLT1879,49426.69
CLT1880,6172.51
CLT1881,32389.61
CLT1882,123203.68
CLT1883,278.85
CLT1884,46589.73
CLT1885,946.49
CLT1886,1249817.44
CLT1887,42515.12
CLT1888,133359.05
CLT1889,504.08
CLT1890,9156.48
CLT1891,2431.9
CLT1892,18127.4
CLT1893,6101.17
CLT1894,19220.05
CLT1895,938.43
CLT1896,55743.49
CLT1897,33962.08
CLT1898,11433.17
CLT1899,7540.2
CLT1900,21224.27
CLT1901,12656.07
CLT1902,21090.82
CLT1903,244779.41
CLT1904,3655.89
CLT1905,69448.12
CLT1906,3780.57
CLT1907,10651.25
CLT1908,43758.08
CLT1909,111535.27
CLT1910,8000.88
CLT1911,6868.84
CLT1912,3163.63
CLT1913,19789.05
CLT1914,395138.78
CLT1915,1952.22
CLT1916,5619.64
CLT1917,31275.57
CLT1918,0.0
CLT1919,52408.45
CLT1920,4836.99
CLT1921,7610.47
CLT1922,99416.83
CLT1923,11501.19
CLT1924,954.52
CLT1925,30790.28
CLT1926,6931.04
CLT1927,0.0
CLT1928,82966.43
CLT1929,1610.89
CLT1930,16285.96
CLT1931,89895.92
CLT1932,1602.05
CLT1933,311098.24
CLT1934,103321.03
CLT1935,2617.72
CLT1936,2054.91
CLT1937,88201.2
CLT1938,7428.95
CLT1939,10172.43
CLT1940,8044.08
CLT1941,91157.36
CLT1942,9094.76
CLT1943,32722.1
CLT1944,7446.37
CLT1945,10912.18
CLT1946,1827.0
CLT1947,4864.88
CLT1948,6133.07
CLT1949,60567.35
CLT1950,683.72
CLT1951,6166.89
CLT1952,4752.53
CLT1953,209213.64
CLT1954,5102.41
CLT1955,327.12
CLT1956,9110.35
CLT1957,19457.9
CLT1958,4962.21
CLT1959,4538.83
CLT1960,274512.56
CLT1961,423060.55
CLT1962,15456.34
CLT1963,3692.62
CLT1964,2823.37
CLT1965,180700.89
CLT1966,8464.72
CLT1967,37986.31
CLT1968,2209070.48
CLT1969,23916.84
CLT1970,20941.72
CLT1971,30700.45
CLT1972,295225.35
CLT1973,31572.36
CLT1974,26452.88
CLT1975,150865.92
CLT1976,17373.18
CLT1977,2137.5
CLT1978,12115.8
CLT1979,3804.7
CLT1980,24496.01
CLT1981,7970.85
CLT1982,73946.2
CLT1983,16062.73
CLT1984,7290.31
CLT1985,19221.98
CLT1986,3425.84
CLT1987,413425.52
CLT1988,6049.46
CLT1989,16454.87
CLT1990,9017.59
CLT1991,22219.6
CLT1992,422.3
CLT1993,356076.05
CLT1994,11196.64
CLT1995,5329.56
CLT1996,6073.31
CLT1997,30019.5
CLT1998,17790.16
CLT1999,19521.99
CLT2000,1329.9
CLT2001,7320.89
CLT2002,11366.93
CLT2003,6301.52
CLT2004,4356.23
CLT2005,10960.71
CLT2006,32692.63
CLT2007,31323.68
CLT2008,22558.79
CLT2009,1059.1
CLT2010,4547.16
CLT2011,6894.29
CLT2012,132317.93
CLT2013,1589.98
CLT2014,8100.35
CLT2015,3447.03
CLT2016,17600.27
CLT2017,15471.45
CLT2018,4629.73
CLT2019,272369.83
CLT2020,81859.01
CLT2021,24521.14
CLT2022,66452.85
CLT2023,13275.14
CLT2024,5422.56
CLT2025,1473.34
CLT2026,7547.21
CLT2027,9309.27
CLT2028,15146.74
CLT2029,12937.04
CLT2030,31267.26
CLT2031,269606.39
CLT2032,87.14
CLT2033,251080.23
CLT2034,24060.82
CLT2035,23660.76
CLT2036,40437.37
CLT2037,26914.77
CLT2038,23400.38
CLT2039,6456.71
CLT2040,5335.71
CLT2041,176.96
CLT2042,32509.13
CLT2043,153494.96
CLT2044,10538.05
CLT2045,32868.72
CLT2046,163.56
CLT2047,5240.52
CLT2048,468715.26
CLT2049,3070.3
CLT2050,1493.47
CLT2051,22752.08
CLT2052,2077.16
CLT2053,12349.89
CLT2054,4958.96
CLT2055,114448.52
CLT2056,10270.04
CLT2057,3823.46
CLT2058,13344.07
CLT2059,4204.48
CLT2060,104806.3
CLT2061,29345.24
CLT2062,2040.43
CLT2063,1898.59
CLT2064,14842.91
CLT2065,46226.99
CLT2066,366383.31
CLT2067,1034.97
CLT2068,96123.56
CLT2069,4050.56
CLT2070,3964.23
CLT2071,770.59
CLT2072,11887.35
CLT2073,9926.83
CLT2074,47284.65
CLT2075,18261.47
CLT2076,3684.06
CLT2077,10282.87
CLT2078,51237.73
CLT2079,5835.76
CLT2080,9613.63
CLT2081,4656.27
CLT2082,108987.45
CLT2083,15284.52
CLT2084,4835.66
CLT2085,9484.96
CLT2086,2989.34
CLT2087,11022.58
CLT2088,11990.17
CLT2089,31216.5
CLT2090,4154.63
CLT2091,12223.85
CLT2092,410200.0
CLT2093,69208.47
CLT2094,5680.51
CLT2095,10330.87
CLT2096,1202.27
CLT2097,0.0
CLT2098,80259.13
CLT2099,12916.92
CLT2100,59329.5
CLT2101,1356.18
CLT2102,91103.3
CLT2103,39247.6
CLT2104,8566.33
CLT2105,61424.71
CLT2106,8801.73
CLT2107,51870.97
CLT2108,836.56
CLT2109,40420.02
CLT2110,17612.62
CLT2111,89471.85
CLT2112,8727.51
CLT2113,1422.66
CLT2114,8116.98
CLT2115,5093.87
CLT2116,1140.34
CLT2117,3824.79
CLT2118,10787.76
CLT2119,158.19
CLT2120,45336.88
CLT2121,3349.44
CLT2122,2433.23
CLT2123,103632.2
CLT2124,34777.79
CLT2125,156116.47
CLT2126,14027.75
CLT2127,697.13
CLT2128,4875.85
CLT2129,378453.97
CLT2130,36103.7
CLT2131,130888.34
CLT2132,6918.43
CLT2133,12691.67
CLT2134,3753.75
CLT2135,17785.07
CLT2136,2528.98
CLT2137,2477925.74
CLT2138,24920.15
CLT2139,4788.19
CLT2140,14192.38
CLT2141,1284.87
CLT2142,91334.98
CLT2143,48603.7
CLT2144,659482.4
CLT2145,3987.27
CLT2146,183406.24
CLT2147,5020.62
CLT2148,13868.51
CLT2149,5438.93
CLT2150,2271.03
CLT2151,28857.37
CLT2152,118997.42
CLT2153,33165.88
CLT2154,9676.64
CLT2155,86461.19
CLT2156,534023.76
CLT2157,10166.53
CLT2158,25404.93
CLT2159,11677.35
CLT2160,8604.16
CLT2161,11526.69
CLT2162,4218.14
CLT2163,9413.33
CLT2164,205985.84
CLT2165,10912.7
CLT2166,5009.38
CLT2167,6473.89
CLT2168,9364.01
CLT2169,643079.65
CLT2170,1991.64
CLT2171,7169.66
CLT2172,46637.42
CLT2173,7057.07
CLT2174,811693.59
CLT2175,567740.22
CLT2176,6182.49
CLT2177,13151.8
CLT2178,113594.9
CLT2179,22637.86
CLT2180,24364.29
CLT2181,418.28
CLT2182,10805.49
CLT2183,5223.9
CLT2184,103796.94
CLT2185,5642.71
CLT2186,2060.28
CLT2187,23272.0
CLT2188,8339.0
CLT2189,5412.38
CLT2190,1226.66
CLT2191,75678.79
CLT2192,1476.03
CLT2193,17361.09
CLT2194,5067.58
CLT2195,7808.4
CLT2196,12401.61
CLT2197,8945.99
CLT2198,26784.43
CLT2199,4962.99
CLT2200,9942.08
CLT2201,6169.85
CLT2202,3224.22
CLT2203,6845.26
CLT2204,4194.58
CLT2205,78634.36
CLT2206,55595.9
CLT2207,16717.36
CLT2208,23960.24
CLT2209,4933.22
CLT2210,11388.63
CLT2211,11627.51
CLT2212,7042.3
CLT2213,418.28
CLT2214,38027.27
CLT2215,5225.76
CLT2216,11348.14
CLT2217,13886.19
CLT2218,76840.85
CLT2219,130.04
CLT2220,67450.98
CLT2221,17394.94
CLT2222,10027.9
CLT2223,37069.56
CLT2224,96163.75
CLT2225,1867.49
CLT2226,7336.98
CLT2227,94235.12
CLT2228,229574.83
CLT2229,93206.46
CLT2230,20816.73
CLT2231,4992.22
CLT2232,723.94
CLT2233,3163.95
CLT2234,157644.13
CLT2235,8775.74
CLT2236,37803.14
CLT2237,251736.64
CLT2238,4685.64
CLT2239,27345.62
CLT2240,177869.12
CLT2241,13538.46
CLT2242,2526.01
CLT2243,9565.4
CLT2244,337318.32
CLT2245,15227.6
CLT2246,2855.25
CLT2247,181430.08
CLT2248,28193.39
CLT2249,10974.95
CLT2250,130698.8
CLT2251,928.24
CLT2252,2339.92
CLT2253,338.92
CLT2254,17389.53
CLT2255,4928.69
CLT2256,2655.23
CLT2257,125169.29
CLT2258,6065.0
CLT2259,21208.71
CLT2260,195585.05
CLT2261,8066.01
CLT2262,7377.19
CLT2263,8571.71
CLT2264,12302.96
CLT2265,7478.83
CLT2266,764884.29
CLT2267,21718.18
CLT2268,266628.19
CLT2269,8949.23
CLT2270,7456.55
CLT2271,254711.42
CLT2272,20534.12
CLT2273,40524.01
CLT2274,19602.66
CLT2275,51262.65
CLT2276,6474.7
CLT2277,6713.86
CLT2278,50796.39
CLT2279,64000.32
CLT2280,37859.33
CLT2281,3118.84
CLT2282,496.04
CLT2283,6963.03
CLT2284,6681.67
CLT2285,161116.35
CLT2286,97849.28
CLT2287,4783.36
CLT2288,13369.81
CLT2289,4612.28
CLT2290,51573.72
CLT2291,216304.74
CLT2292,3137.6
CLT2293,150641.17
CLT2294,418.28
CLT2295,4317.9
CLT2296,3260.41
CLT2297,69124.07
CLT2298,750.75
CLT2299,7185.76
CLT2300,4308.76
CLT2301,51137.72
CLT2302,14638.84
CLT2303,8185.86
CLT2304,16841.73
CLT2305,1290.76
CLT2306,7308.82
CLT2307,10822.57
CLT2308,6190.5
CLT2309,28982.58
CLT2310,4643.95
CLT2311,492389.16
CLT2312,364.11
CLT2313,28994.56
CLT2314,891.52
CLT2315,2189.24
CLT2316,1164.21
CLT2317,4587.11
CLT2318,1197.46
CLT2319,213.16
CLT2320,168164.21
CLT2321,530.89
CLT2322,1230853.69
CLT2323,1232.58
CLT2324,3391.79
CLT2325,213658.68
CLT2326,6367.99
CLT2327,215682.82
CLT2328,9104.21
CLT2329,716.98
CLT2330,1480.59
CLT2331,49.07
CLT2332,202471.05
CLT2333,327018.23
CLT2334,70656.59
CLT2335,17218.23
CLT2336,9149.8
CLT2337,124727.24
CLT2338,253142.24
CLT2339,70455.55
CLT2340,0.0
CLT2341,13378.1
CLT2342,4968.3
CLT2343,1568.55
CLT2344,2636.74
CLT2345,8593.94
CLT2346,6601.04
CLT2347,32789.08
CLT2348,5916.16
CLT2349,16347.88
CLT2350,7502.43
CLT2351,26397.02
CLT2352,788.29
CLT2353,8377.57
CLT2354,45628.17
CLT2355,6814.69
CLT2356,13621.31
CLT2357,10409.97
CLT2358,11765.37
CLT2359,658.24
CLT2360,22522.65
CLT2361,2582.04
CLT2362,7289.01
CLT2363,6802.08
CLT2364,5240.24
CLT2365,30363.56
CLT2366,10026.53
CLT2367,134701.03
CLT2368,82541.42
CLT2369,56427.06
CLT2370,226347.25
CLT2371,6099.37
CLT2372,1350.28
CLT2373,2522.79
CLT2374,8965.04
CLT2375,21631.88
CLT2376,7266.21
CLT2377,6385.67
CLT2378,15283.13
CLT2379,62907.77
CLT2380,7620.12
CLT2381,3877.36
CLT2382,219.86
CLT2383,2073.94
CLT2384,81799.6
CLT2385,391314.53
CLT2386,38838.85
CLT2387,9320.34
CLT2388,6053.73
CLT2389,15551.83
CLT2390,118702.41
CLT2391,14296.85
CLT2392,1930.51
CLT2393,23530.7
CLT2394,26943.19
CLT2395,13084.32
CLT2396,6898.35
CLT2397,418.28
CLT2398,17041.22
CLT2399,18789.85
CLT2400,466.54
CLT2401,5215.82
CLT2402,31089.18
CLT2403,25992.11
CLT2404,11040.07
CLT2405,111685.55
CLT2406,37636.81
CLT2407,713.22
CLT2408,0.0
CLT2409,32861.53
CLT2410,759184.21
CLT2411,15312.06
CLT2412,3771.16
CLT2413,7214.99
CLT2414,192469.2
CLT2415,293576.06
CLT2416,11699.65
CLT2417,82357.79
CLT2418,12294.38
CLT2419,190349.11
CLT2420,2495.99
CLT2421,1494.79
CLT2422,12767.91
CLT2423,60089.73
CLT2424,15322.03
CLT2425,408.89
CLT2426,21805.51
CLT2427,132426.83
CLT2428,5367.08
CLT2429,1147.59
CLT2430,2734.89
CLT2431,101392.6
CLT2432,3539.27
CLT2433,97593.72
CLT2434,29799.49
CLT2435,2745.59
CLT2436,11465.9
CLT2437,3039.75
CLT2438,4505.05
CLT2439,10465.75
CLT2440,25498.74
CLT2441,3205.45
CLT2442,0.0
CLT2443,74206.32
CLT2444,13678.67
CLT2445,8047.01
CLT2446,196587.37
CLT2447,13992.79
CLT2448,10362.23
CLT2449,5515.9
CLT2450,13621.07
CLT2451,8702.82
CLT2452,6919.04
CLT2453,3867.44
CLT2454,15099.63
CLT2455,70936.65
CLT2456,9556.8
CLT2457,4929.22
CLT2458,6341.97
CLT2459,101603.58
CLT2460,91.16
CLT2461,2729.52
CLT2462,14520.31
CLT2463,49383.55
CLT2464,7401.31
CLT2465,10028.97
CLT2466,2028.38
CLT2467,16510.27
CLT2468,12249.85
CLT2469,77012.24
CLT2470,37497.47
CLT2471,363.32
CLT2472,15940.08
CLT2473,3378.4
CLT2474,41921.44
CLT2475,4391.9
CLT2476,145324.42
CLT2477,26548.69
CLT2478,3642.79
CLT2479,6561.4
CLT2480,85008.31
CLT2481,5879.42
CLT2482,7267.27
CLT2483,1553.88
CLT2484,494.69
CLT2485,45144.66
CLT2486,6595.34
CLT2487,28895.89
CLT2488,335.16
CLT2489,39229.85
CLT2490,3942.77
CLT2491,75804.93
CLT2492,1348.67
CLT2493,18027.45
CLT2494,15358.02
CLT2495,29092.44
CLT2496,283092.89
CLT2497,54763.95
CLT2498,190064.92
CLT2499,534.91
CLT2500,6174.66
CLT2501,36969.3
CLT2502,64095.5
CLT2503,9706.22
CLT2504,90083.89
CLT2505,247260.0
CLT2506,29676.05
CLT2507,58519.87
CLT2508,7068.33
CLT2509,8239.77
CLT2510,336545.83
CLT2511,3581.41
CLT2512,477.8
CLT2513,6537.17
CLT2514,55511.41
CLT2515,1780.61
CLT2516,58145.86
CLT2517,11490.5
CLT2518,9070.68
CLT2519,1232.58
CLT2520,200352.46
CLT2521,9515.52
CLT2522,793.65
CLT2523,246576.44
CLT2524,105523.61
CLT2525,9296.98
CLT2526,36883.44
CLT2527,9975.59
CLT2528,16752.5
CLT2529,3303.04
CLT2530,60081.78
CLT2531,22442.66
CLT2532,418.28
CLT2533,3077.54
CLT2534,18868.02
CLT2535,2166.97
CLT2536,2484.45
CLT2537,14802.7
CLT2538,305.66
CLT2539,1689.72
CLT2540,20183.36
CLT2541,1384.87
CLT2542,21659.21
CLT2543,3395.27
CLT2544,27183.71
CLT2545,13029.82
CLT2546,25003.79
CLT2547,4724.92
CLT2548,66151.04
CLT2549,723999.76
CLT2550,3826.42
CLT2551,7597.37
CLT2552,4747.18
CLT2553,11431.05
CLT2554,975.98
CLT2555,6182.18
CLT2556,11461.03
CLT2557,6133.37
CLT2558,245113.71
CLT2559,32420.33
CLT2560,7514.72
CLT2561,2047.15
CLT2562,3061.98
CLT2563,18757.8
CLT2564,2268.34
CLT2565,11812.55
CLT2566,7035.09
CLT2567,168650.72
CLT2568,8731.77
CLT2569,6601.23
CLT2570,36585.66
CLT2571,11111.13
CLT2572,311425.65
CLT2573,155727.37
CLT2574,10355.81
CLT2575,3322.61
CLT2576,97715.66
CLT2577,50974.67
CLT2578,907.34
CLT2579,37319.13
CLT2580,690.42
CLT2581,189674.66
CLT2582,192130.82
CLT2583,9013.26
CLT2584,6431.05
CLT2585,4587.38
CLT2586,10979.74
CLT2587,3456.13
CLT2588,19524.66
CLT2589,102566.16
CLT2590,5006.98
CLT2591,5295.49
CLT2592,25733.82
CLT2593,15276.95
CLT2594,11398.26
CLT2595,28828.96
CLT2596,13339.24
CLT2597,5916.16
CLT2598,17433.01
CLT2599,4354.35
CLT2600,55506.96
CLT2601,116576.27
CLT2602,2241.53
CLT2603,6012.71
CLT2604,20972.79
CLT2605,297.62
CLT2606,8923.51
CLT2607,5091.7
CLT2608,6822.77
CLT2609,3633.09
CLT2610,299154.92
CLT2611,4419.78
CLT2612,3673.31
CLT2613,104498.83
CLT2614,415.59
CLT2615,13657.63
CLT2616,201526.96
CLT2617,6494.0
CLT2618,11679.53
CLT2619,31507.5
CLT2620,22007.69
CLT2621,2486.87
CLT2622,39919.74
CLT2623,35257.28
CLT2624,54431.49
CLT2625,2176.09
CLT2626,52227.78
CLT2627,14352.48
CLT2628,153721.0
CLT2629,1956.61
CLT2630,11603.64
CLT2631,3014.53
CLT2632,8979.77
CLT2633,17105.37
CLT2634,4418.72
CLT2635,28450.47
CLT2636,15580.74
CLT2637,19661.91
CLT2638,15831.46
CLT2639,952.65
CLT2640,3725.61
CLT2641,2792.79
CLT2642,12179.64
CLT2643,10292.39
CLT2644,18813.49
CLT2645,418.28
CLT2646,2300.78
CLT2647,8321.03
CLT2648,5743.78
CLT2649,1764.26
CLT2650,453119.42
CLT2651,46266.28
CLT2652,6680.63
CLT2653,5255.51
CLT2654,10531.45
CLT2655,38015.34
CLT2656,3885.41
CLT2657,172.94
CLT2658,6705.57
CLT2659,5542.43
CLT2660,1333.92
CLT2661,219.86
CLT2662,145557.6
CLT2663,15351.79
CLT2664,325542.27
CLT2665,4388.96
CLT2666,135349.73
CLT2667,1535.02
CLT2668,2752.6
CLT2669,16279.78
CLT2670,36564.82
CLT2671,704441.0
CLT2672,8569.83
CLT2673,5158.74
CLT2674,19745.89
CLT2675,46285.68
CLT2676,7244.79
CLT2677,1662.65
CLT2678,120.66
CLT2679,2315.81
CLT2680,17921.56
CLT2681,30176.25
CLT2682,20907.17
CLT2683,40537.92
CLT2684,11452.47
CLT2685,5756.67
CLT2686,99.21
CLT2687,17410.73
CLT2688,18695.01
CLT2689,39904.59
CLT2690,55249.98
CLT2691,7893.59
CLT2692,8631.59
CLT2693,20786.06
CLT2694,947.82
CLT2695,37877.34
CLT2696,8224.78
CLT2697,5094.64
CLT2698,27968.05
CLT2699,7384.73
CLT2700,24505.48
CLT2701,19941.41
CLT2702,2673.2
CLT2703,4444.44
CLT2704,1374.14
CLT2705,19646.12
CLT2706,18163.38
CLT2707,62153.76
CLT2708,3071.91
CLT2709,16816.92
CLT2710,470.3
CLT2711,622.05
CLT2712,33218.3
CLT2713,25.47
CLT2714,11167.16
CLT2715,169387.4
CLT2716,325417.59
CLT2717,3741.69
CLT2718,3189.61
CLT2719,7436.71
CLT2720,24193.02
CLT2721,4465.64
CLT2722,663364.08
CLT2723,580084.68
CLT2724,3379.18
CLT2725,7936.5
CLT2726,7592.22
CLT2727,12626.28
CLT2728,58557.12
CLT2729,2676695.34
CLT2730,3512.43
CLT2731,10623.37
CLT2732,22021.93
CLT2733,15645.18
CLT2734,571.11
CLT2735,869851.3
CLT2736,5172.74
CLT2737,396543.19
CLT2738,217882.0
CLT2739,44192.58
CLT2740,491466.46
CLT2741,41017.85
CLT2742,9404.78
CLT2743,34467.81
CLT2744,23378.36
CLT2745,14451.98
CLT2746,5421.2
CLT2747,6964.01
CLT2748,20927.26
CLT2749,70798.83
CLT2750,183818.42
CLT2751,10144.25
CLT2752,98680.89
CLT2753,23067.9
CLT2754,84331.91
CLT2755,38449.66
CLT2756,1167.94
CLT2757,5406.23
CLT2758,603.29
CLT2759,198568.31
CLT2760,2985.57
CLT2761,25764.49
CLT2762,22532.77
CLT2763,10131.67
CLT2764,15066.26
CLT2765,31244.74
CLT2766,12778.92
CLT2767,236409.44
CLT2768,13405.46
CLT2769,7616.67
CLT2770,304429.75
CLT2771,161438.33
CLT2772,1254.84
CLT2773,92110.44
CLT2774,7151.16
CLT2775,51411.25
CLT2776,14271.25
CLT2777,6682.13
CLT2778,89189.34
CLT2779,93471.44
CLT2780,10330.86
CLT2781,2472.11
CLT2782,8477.32
CLT2783,6263.41
CLT2784,8885.14
CLT2785,5189.28
CLT2786,8685.93
CLT2787,39389.09
CLT2788,17203.46
CLT2789,4078.2
CLT2790,7043.65
CLT2791,615.88
CLT2792,73081.49
CLT2793,37684.08
CLT2794,2790.64
CLT2795,58585.42
CLT2796,8066.54
CLT2797,134056.32
CLT2798,2142.32
CLT2799,1281.63
CLT2800,12408.83
CLT2801,3642.76
CLT2802,4084.88
CLT2803,3927.51
CLT2804,27493.61
CLT2805,5111.37
CLT2806,15310.24
CLT2807,23668.32
CLT2808,25048.43
CLT2809,454.47
CLT2810,5024.15
CLT2811,4370.44
CLT2812,14469.94
CLT2813,174292.92
CLT2814,18570.4
CLT2815,6502.0
CLT2816,68499.33
CLT2817,4196.16
CLT2818,327964.15
CLT2819,6287.81
CLT2820,498.7
CLT2821,62395.01
CLT2822,159332.32
CLT2823,5428.74
CLT2824,64178.57
CLT2825,32495.49
CLT2826,4810.74
CLT2827,48128.58
CLT2828,11611.99
CLT2829,38361.96
CLT2830,56583.72
CLT2831,2359.52
CLT2832,3943.32
CLT2833,97171.78
CLT2834,4323.77
CLT2835,3530.8
CLT2836,190810.42
CLT2837,15349.93
CLT2838,21886.81
CLT2839,1072.51
CLT2840,55206.07
CLT2841,5948.07
CLT2842,531582.41
CLT2843,162342.43
CLT2844,27583.72
CLT2845,0.0
CLT2846,9512.27
CLT2847,6574.99
CLT2848,8545.71
CLT2849,6172.5
CLT2850,282544.08
CLT2851,4157.54
CLT2852,7791.71
CLT2853,65.42
CLT2854,5097.05
CLT2855,49.27
CLT2856,1121.84
CLT2857,2488.21
CLT2858,25426.37
CLT2859,418.28
CLT2860,110789.38
CLT2861,3217.52
CLT2862,84337.75
CLT2863,6103.88
CLT2864,418.28
CLT2865,16184.1
CLT2866,5020.13
CLT2867,14585.04
CLT2868,4240.4
CLT2869,41442.62
CLT2870,21082.71
CLT2871,9518.51
CLT2872,42736.46
CLT2873,137503.31
CLT2874,2421.18
CLT2875,30839.29
CLT2876,17693.88
CLT2877,14836.81
CLT2878,9917.41
CLT2879,5620.44
CLT2880,5427.4
CLT2881,6229.88
CLT2882,11536.08
CLT2883,13461.54
CLT2884,265.44
CLT2885,377357.93
CLT2886,4755.22
CLT2887,51705.76
CLT2888,4569.94
CLT2889,327.11
CLT2890,28375.8
CLT2891,10340.26
CLT2892,15350.22
CLT2893,10903.56
CLT2894,235756.59
CLT2895,17867.95
CLT2896,4472.86
CLT2897,26575.34
CLT2898,64209.64
CLT2899,8987.83
CLT2900,52312.96
CLT2901,505.42
CLT2902,23679.2
CLT2903,154909.91
CLT2904,816.18
CLT2905,5685.58
CLT2906,84245.15
CLT2907,20446.44
CLT2908,21743.68
CLT2909,2866.53
CLT2910,3566.07
CLT2911,238404.06
CLT2912,84687.06
CLT2913,13047.0
CLT2914,18661.61
CLT2915,2783.13
CLT2916,1996.45
CLT2917,4373.92
CLT2918,220416.24
CLT2919,17834.38
CLT2920,60522.95
CLT2921,68374.89
CLT2922,3275.07
CLT2923,2603.48
CLT2924,5275.65
CLT2925,3464.17
CLT2926,794.45
CLT2927,2401.34
CLT2928,24874.06
CLT2929,1838.8
CLT2930,10603.01
CLT2931,27638.33
CLT2932,27304.55
CLT2933,8313.53
CLT2934,210366.23
CLT2935,37495.99
CLT2936,22572.2
CLT2937,63669.56
CLT2938,3934.75
CLT2939,1560.76
CLT2940,7775.66
CLT2941,587578.75
CLT2942,45126.65
CLT2943,13458.57
CLT2944,5071.85
CLT2945,127352.84
CLT2946,11163.13
CLT2947,7707.03
CLT2948,8752.95
CLT2949,90925.58
CLT2950,17690.97
CLT2951,12632.2
CLT2952,528.2
CLT2953,3591.01
CLT2954,15031.13
CLT2955,4536.95
CLT2956,75757.71
CLT2957,82649.36
CLT2958,2954.73
CLT2959,434.36
CLT2960,71859.01
CLT2961,23706.39
CLT2962,28478.41
CLT2963,660.66
CLT2964,24053.8
CLT2965,171347.72
CLT2966,12067.01
CLT2967,6076.27
CLT2968,3827.76
CLT2969,21083.17
CLT2970,154332.27
CLT2971,13088.79
CLT2972,5831.71
CLT2973,15658.51
CLT2974,183593.77
CLT2975,14157.61
CLT2976,6810.38
CLT2977,219503.71
CLT2978,2530.57
CLT2979,1428.03
CLT2980,113417.82
CLT2981,126303.5
CLT2982,51642.02
CLT2983,9517.63
CLT2984,41137.02
CLT2985,3088.26
CLT2986,13849.98
CLT2987,1661.03
CLT2988,23859.94
CLT2989,642.15
CLT2990,1928.08
CLT2991,12813.76
CLT2992,301149.54
CLT2993,521994.12
CLT2994,35796.49
CLT2995,77503.98
CLT2996,91551.51
CLT2997,33781.03
CLT2998,21174.2
CLT2999,19156.59
CLT3000,7577.23
CLT3001,40965.03
CLT3002,1115.4
CLT3003,14882.03
CLT3004,7169.93
CLT3005,3376.77
CLT3006,16610.62
CLT3007,26281.71
CLT3008,2552.56
CLT3009,4531.42
CLT3010,12673.85
CLT3011,19964.08
CLT3012,4179.01
CLT3013,23788.71
CLT3014,61.67
CLT3015,5980.27
CLT3016,241519.61
CLT3017,9962.22
CLT3018,19546.4
CLT3019,5840.57
CLT3020,46763.89
CLT3021,98952.44
CLT3022,1272.53
CLT3023,9515.49
CLT3024,406.21
CLT3025,17713.74
CLT3026,162512.1
CLT3027,1032.28
CLT3028,55238.58
CLT3029,15661.77
CLT3030,7661.66
CLT3031,28263.17
CLT3032,3747.86
CLT3033,2922.57
CLT3034,1498.57
CLT3035,12531.92
CLT3036,4998.13
CLT3037,7655.24
CLT3038,3182.64
CLT3039,9160.52
CLT3040,12109.61
CLT3041,11243.32
CLT3042,14434.44
CLT3043,2269.41
CLT3044,63789.7
CLT3045,2610.49
CLT3046,6518.93
CLT3047,12652.87
CLT3048,23400.73
CLT3049,37467.83
CLT3050,5819.63
CLT3051,17700.6
CLT3052,31573.18
CLT3053,890.18
CLT3054,978.66
CLT3055,17235.64
CLT3056,5370.28
CLT3057,154672.74
CLT3058,551547.25
CLT3059,80434.16
CLT3060,10301.42
CLT3061,13681.12
CLT3062,3525.04
CLT3063,6768.56
CLT3064,198.41
CLT3065,59370.86
CLT3066,508954.94
CLT3067,14800.5
CLT3068,3345.39
CLT3069,2186.55
CLT3070,3888.89
CLT3071,1575.24
CLT3072,6012.23
CLT3073,14469.94
CLT3074,42540.68
CLT3075,3536.73
CLT3076,6854.9
CLT3077,9866.99
CLT3078,11149.48
CLT3079,18420.23
CLT3080,3270.32
CLT3081,7482.86
CLT3082,9879.52
CLT3083,16144.12
CLT3084,1608.75
CLT3085,28191.92
CLT3086,34853.55
CLT3087,798.75
CLT3088,3924.06
CLT3089,38817.88
CLT3090,13167.11
CLT3091,82723.61
CLT3092,11255.95
CLT3093,3421.28
CLT3094,45590.67
CLT3095,121013.07
CLT3096,483141.48
CLT3097,5485.86
CLT3098,3395.0
CLT3099,3461.21
CLT3100,12203.75
CLT3101,7793.08
CLT3102,39260.59
CLT3103,4075.51
CLT3104,7982.13
CLT3105,119007.49
CLT3106,21421.59
CLT3107,122227.81
CLT3108,2901.39
CLT3109,14195.59
CLT3110,236550.72
CLT3111,150857.8
CLT3112,7957.99
CLT3113,7124.91
CLT3114,39950.68
CLT3115,2279.59
CLT3116,4545.54
CLT3117,3402.5
CLT3118,457.15
CLT3119,1273.59
CLT3120,418.28
CLT3121,5217.75
CLT3122,11506.62
CLT3123,2784.49
CLT3124,3319.94
CLT3125,9115.5
CLT3126,33577.44
CLT3127,11852.19
CLT3128,294.94
CLT3129,5357.69
CLT3130,17561.17
CLT3131,27976.29
CLT3132,32954.0
CLT3133,229479.12
CLT3134,5699.03
CLT3135,108821.73
CLT3136,0.0
CLT3137,50747.36
CLT3138,8097.93
CLT3139,7657.12
CLT3140,29257.88
CLT3141,15269.88
CLT3142,134832.3
CLT3143,45838.65
CLT3144,4420.4
CLT3145,1744.97
CLT3146,103285.63
CLT3147,24741.33
CLT3148,416660.84
CLT3149,107831.44
CLT3150,3331.75
CLT3151,28637.26
CLT3152,16586.82
CLT3153,137347.51
CLT3154,91.16
CLT3155,12218.5
CLT3156,1912.8
CLT3157,13050.99
CLT3158,16972.38
CLT3159,25178.35
CLT3160,15471.63
CLT3161,10513.75
CLT3162,17622.46
CLT3163,2231.87
CLT3164,2772.95
CLT3165,111465.48
CLT3166,85788.04
CLT3167,13237.42
CLT3168,325.77
CLT3169,21370.39
CLT3170,20719.49
CLT3171,96756.66
CLT3172,7242.06
CLT3173,1484.34
CLT3174,4968.9
CLT3175,17967.47
CLT3176,8926.94
CLT3177,471.63
CLT3178,8692.64
CLT3179,10257.97
CLT3180,4611.75
CLT3181,16573.12
CLT3182,161572.16
CLT3183,3528.52
CLT3184,18276.16
CLT3185,1689.18
CLT3186,7836.0
CLT3187,11950.66
CLT3188,64217.2
CLT3189,1000.11
CLT3190,20310.49
CLT3191,17993.12
CLT3192,83218.7
CLT3193,167.58
CLT3194,1187.79
CLT3195,187914.96
CLT3196,2584.19
CLT3197,2842.77
CLT3198,15953.55
CLT3199,2600.83
CLT3200,30929.65
CLT3201,233831.25
CLT3202,19171.22
CLT3203,99.21
CLT3204,11186.2
CLT3205,48846.51
CLT3206,92114.64
CLT3207,14726.0
CLT3208,2259.49
CLT3209,22053.37
CLT3210,17443.28
CLT3211,5365.75
CLT3212,3164.67
CLT3213,169211.7
CLT3214,10244.84
CLT3215,87009.08
CLT3216,10928.17
CLT3217,19586.61
CLT3218,9656.51
CLT3219,54959.21
CLT3220,4869.15
CLT3221,10160.61
CLT3222,15808.65
CLT3223,2557.92
CLT3224,143008.44
CLT3225,44545.15
CLT3226,25938.76
CLT3227,5225.77
CLT3228,176735.06
CLT3229,43090.49
CLT3230,165323.84
CLT3231,22015.77
CLT3232,232303.46
CLT3233,3939.31
CLT3234,4637.76
CLT3235,12687.15
CLT3236,213821.76
CLT3237,33414.09
CLT3238,4705.49
CLT3239,10895.79
CLT3240,1461.29
CLT3241,4040.38
CLT3242,2442.9
CLT3243,15195.95
CLT3244,137259.54
CLT3245,18098.46
CLT3246,1436781.8
CLT3247,21511.68
CLT3248,5033.32
CLT3249,15997.7
CLT3250,5570.32
CLT3251,46584.4
CLT3252,11816.57
CLT3253,7926.84
CLT3254,40114.26
CLT3255,24185.95
CLT3256,46700.31
CLT3257,5656.38
CLT3258,19204.76
CLT3259,18568.3
CLT3260,4994.05
CLT3261,108312.7
CLT3262,2183.36
CLT3263,1085.11
CLT3264,126308.44
CLT3265,3985.15
CLT3266,5665.24
CLT3267,10617.51
CLT3268,224145.35
CLT3269,3380.79
CLT3270,9466.48
CLT3271,67.03
CLT3272,10128.2
CLT3273,3778.43
CLT3274,4558.14
CLT3275,2202.93
CLT3276,47368.81
CLT3277,149091.09
CLT3278,7187.67
CLT3279,4295.63
CLT3280,9140.1
CLT3281,473926.72
CLT3282,28737.72
CLT3283,21584.1
CLT3284,169756.89
CLT3285,5799.81
CLT3286,172903.78
CLT3287,142142.53
CLT3288,20727.44
CLT3289,50.94
CLT3290,7202.64
CLT3291,79417.44
CLT3292,46984.21
CLT3293,126751.94
CLT3294,21764.31
CLT3295,83522.58
CLT3296,8522.38
CLT3297,707.85
CLT3298,10352.04
CLT3299,3485.63
CLT3300,13710.44
CLT3301,43544.45
CLT3302,25498.18
CLT3303,804.38
CLT3304,30802.37
CLT3305,472325.89
CLT3306,52223.76
CLT3307,1635.57
CLT3308,2111.5
CLT3309,2254.12
CLT3310,19245.85
CLT3311,86960.16
CLT3312,8408.4
CLT3313,20534.41
CLT3314,820.47
CLT3315,19397.57
CLT3316,10038.06
CLT3317,26898.41
CLT3318,12350.14
CLT3319,40087.68
CLT3320,11475.2
CLT3321,1327.22
CLT3322,85270.26
CLT3323,6901.57
CLT3324,30834.49
CLT3325,11587.01
CLT3326,23988.12
CLT3327,3844.93
CLT3328,24641.31
CLT3329,9897.62
CLT3330,11765.37
CLT3331,29307.81
CLT3332,30935.04
CLT3333,358354.15
CLT3334,43684.46
CLT3335,40446.09
CLT3336,1367.45
CLT3337,260892.75
CLT3338,59676.19
CLT3339,21174.67
CLT3340,210526.88
CLT3341,13289.37
CLT3342,804.39
CLT3343,63989.65
CLT3344,21391.85
CLT3345,96827.93
CLT3346,21651.87
CLT3347,80660.51
CLT3348,15954.82
CLT3349,2883.97
CLT3350,66338.71
CLT3351,513.72
CLT3352,14350.34
CLT3353,2918.02
CLT3354,48023.52
CLT3355,4930.83
CLT3356,374342.09
CLT3357,2735.41
CLT3358,14505.07
CLT3359,17857.45
CLT3360,98637.04
CLT3361,3698.54
CLT3362,2427.61
CLT3363,76795.35
CLT3364,3095.5
CLT3365,0.0
CLT3366,21483.56
CLT3367,127.36
CLT3368,84833.45
CLT3369,20659.22
CLT3370,14968.12
CLT3371,46839.88
CLT3372,515852.96
CLT3373,33996.41
CLT3374,748088.12
CLT3375,14434.31
CLT3376,154910.13
CLT3377,256723.47
CLT3378,1187.79
CLT3379,145166.29
CLT3380,9846.41
CLT3381,60046.82
CLT3382,20317.78
CLT3383,24694.34
CLT3384,17764.1
CLT3385,2299.99
CLT3386,1027.46
CLT3387,8380.09
CLT3388,9087.55
CLT3389,11524.03
CLT3390,13698.57
CLT3391,17480.36
CLT3392,41333.13
CLT3393,2085.75
CLT3394,356309.09
CLT3395,6494.0
CLT3396,18011.12
CLT3397,3580.38
CLT3398,6962.46
CLT3399,11093.72
CLT3400,16619.51
CLT3401,22463.54
CLT3402,481616.21
CLT3403,62572.12
CLT3404,11541.42
CLT3405,1091.27
CLT3406,1955363.3
CLT3407,4954.14
CLT3408,6497.5
CLT3409,21802.6
CLT3410,5034.87
CLT3411,91233.59
CLT3412,9189.76
CLT3413,536.26
CLT3414,9003.94
CLT3415,6842.55
CLT3416,39690.7
CLT3417,3631.78
CLT3418,189550.18
CLT3419,17889.92
CLT3420,17922.03
CLT3421,65.69
CLT3422,11142.99
CLT3423,3291.24
CLT3424,61522.0
CLT3425,41406.11
CLT3426,442.14
CLT3427,14157.07
CLT3428,287025.23
CLT3429,20787.76
CLT3430,193.05
CLT3431,12701.11
CLT3432,509.44
CLT3433,130431.32
CLT3434,2202.93
CLT3435,39009.6
CLT3436,1758.64
CLT3437,0.0
CLT3438,17631.02
CLT3439,39590.69
CLT3440,7435.11
CLT3441,14372.05
CLT3442,228972.78
CLT3443,509.44
CLT3444,119.05
CLT3445,266152.99
CLT3446,12123.57
CLT3447,11444.42
CLT3448,1875.53
CLT3449,22374.54
CLT3450,9030.46
CLT3451,900.9
CLT3452,992.06
CLT3453,9250.3
CLT3454,43712.83
CLT3455,10852.12
CLT3456,53422.54
CLT3457,207194.44
CLT3458,20069.19
CLT3459,12723.37
CLT3460,2744.26
CLT3461,3567.39
CLT3462,71537.22
CLT3463,9601.8
CLT3464,37224.37
CLT3465,67157.41
CLT3466,4744.2
CLT3467,18750.23
CLT3468,7662.99
CLT3469,36376.11
CLT3470,15320.7
CLT3471,9762.42
CLT3472,8688.61
CLT3473,640347.72
CLT3474,2941.32
CLT3475,27883.75
CLT3476,3344.86
CLT3477,24250.92
CLT3478,28937.41
CLT3479,2594.14
CLT3480,23186.15
CLT3481,17381.41
CLT3482,13700.13
CLT3483,7570.57
CLT3484,12366.46
CLT3485,29504.6
CLT3486,99895.22
CLT3487,28084.51
CLT3488,11505.27
CLT3489,57561.24
CLT3490,192900.25
CLT3491,412470.31
CLT3492,6442.24
CLT3493,28225.61
CLT3494,249518.31
CLT3495,11551.4
CLT3496,4812.87
CLT3497,11772.07
CLT3498,16986.31
CLT3499,1707.95
CLT3500,26931.85
CLT3501,635.46
CLT3502,3732.33
CLT3503,13921.88
CLT3504,28426.04
CLT3505,7448.55
CLT3506,50071.11
CLT3507,25599.29
CLT3508,6831.85
CLT3509,148993.03
CLT3510,126645.65
CLT3511,10665.25
CLT3512,909.48
CLT3513,1356.71
CLT3514,19539.66
CLT3515,13099.25
CLT3516,8965.58
CLT3517,3297.94
CLT3518,117321.24
CLT3519,3805.22
CLT3520,16484.35
CLT3521,4689.24
CLT3522,4232.1
CLT3523,45975.78
CLT3524,8436.31
CLT3525,3413.25
CLT3526,4386.8
CLT3527,10952.94
CLT3528,60512.77
CLT3529,2697.88
CLT3530,22030.17
CLT3531,116944.05
CLT3532,12678.05
CLT3533,879.45
CLT3534,216595.35
CLT3535,7257.6
CLT3536,79.36
CLT3537,827138.78
CLT3538,25339.76
CLT3539,5147.82
CLT3540,6687.03
CLT3541,124357.43
CLT3542,4512.05
CLT3543,11967.77
CLT3544,4674.76
CLT3545,11415.18
CLT3546,18617.03
CLT3547,11480.83
CLT3548,11483.02
CLT3549,180080.28
CLT3550,2915.59
CLT3551,8402.04
CLT3552,10035.94
CLT3553,154950.48
CLT3554,1255.1
CLT3555,17940.2
CLT3556,144138.04
CLT3557,14866.25
CLT3558,24299.37
CLT3559,1315.97
CLT3560,2072.87
CLT3561,17639.97
CLT3562,224407.67
CLT3563,1182.43
CLT3564,92214.78
CLT3565,341051.78
CLT3566,15861.85
CLT3567,139386.22
CLT3568,8063.89
CLT3569,2949.39
CLT3570,44789.6
CLT3571,13110.81
CLT3572,1404.98
CLT3573,3777.89
CLT3574,16816.24
CLT3575,685.05
CLT3576,23687.53
CLT3577,37250.61
CLT3578,18902.8
CLT3579,5070.09
CLT3580,167747.05
CLT3581,0.0
CLT3582,1320.51
CLT3583,49246.33
CLT3584,499194.72
CLT3585,211523.94
CLT3586,89161.04
CLT3587,9743.91
CLT3588,11477.71
CLT3589,6855.72
CLT3590,3256.38
CLT3591,6227.47
CLT3592,9275.0
CLT3593,6224.78
CLT3594,13423.71
CLT3595,19338.61
CLT3596,6577.38
CLT3597,46541.29
CLT3598,106589.4
CLT3599,584496.28
CLT3600,7442.36
CLT3601,143954.41
CLT3602,21542.6
CLT3603,37296.38
CLT3604,403502.39
CLT3605,4786.08
CLT3606,0.0
CLT3607,202138.03
CLT3608,12304.15
CLT3609,5709.49
CLT3610,7134.52
CLT3611,16259.15
CLT3612,172695.41
CLT3613,4925.47
CLT3614,34424.48
CLT3615,2145.01
CLT3616,70110.23
CLT3617,996.08
CLT3618,34341.48
CLT3619,43345.77
CLT3620,2779.92
CLT3621,9384.41
CLT3622,5118.81
CLT3623,13746.53
CLT3624,58679.15
CLT3625,0.0
CLT3626,19834.09
CLT3627,98303.39
CLT3628,13698.54
CLT3629,22731.51
CLT3630,127.36
CLT3631,2669.2
CLT3632,165687.28
CLT3633,29106.64
CLT3634,2714.79
CLT3635,161843.57
CLT3636,1534.22
CLT3637,273410.82
CLT3638,3485.65
CLT3639,3999.36
CLT3640,999.57
CLT3641,508.1
CLT3642,36816.35
CLT3643,10140.82
CLT3644,23525.74
CLT3645,22234.21
CLT3646,6773.91
CLT3647,10258.51
CLT3648,18277.04
CLT3649,10356.35
CLT3650,9418.71
CLT3651,9392.96
CLT3652,179412.5
CLT3653,2553.89
CLT3654,97407.24
CLT3655,0.0
CLT3656,4910.49
CLT3657,108905.76
CLT3658,418.28
CLT3659,13877.93
CLT3660,15352.58
CLT3661,9210.09
CLT3662,33241.16
CLT3663,290018.31
CLT3664,1456.2
CLT3665,378.06
CLT3666,203702.0
CLT3667,19724.38
CLT3668,105963.32
CLT3669,6059.61
CLT3670,216927.15
CLT3671,46323.29
CLT3672,61174.09
CLT3673,32364.3
CLT3674,2822.04
CLT3675,142556.05
CLT3676,142296.86
CLT3677,6730.78
CLT3678,3610.85
CLT3679,72897.62
CLT3680,6531.8
CLT3681,19406.94
CLT3682,24752.02
CLT3683,3349.42
CLT3684,75474.75
CLT3685,7506.97
CLT3686,17604.83
CLT3687,79103.5
CLT3688,14318.69
CLT3689,5992.59
CLT3690,39143.35
CLT3691,8280.51
CLT3692,4575.85
CLT3693,156868.35
CLT3694,27777.04
CLT3695,46732.91
CLT3696,8108.1
CLT3697,2585.8
CLT3698,38545.75
CLT3699,10561.44
CLT3700,584.24
CLT3701,254279.84
CLT3702,617542.65
CLT3703,4212.81
CLT3704,7939.21
CLT3705,17131.32
CLT3706,2929.25
CLT3707,17656.42
CLT3708,23782.78
CLT3709,2063.21
CLT3710,7871.64
CLT3711,85288.93
CLT3712,11540.64
CLT3713,81615.02
CLT3714,185112.41
CLT3715,15106.23
CLT3716,46517.13
CLT3717,27857.97
CLT3718,19619.85
CLT3719,5450.99
CLT3720,22140.94
CLT3721,30316.97
CLT3722,38809.81
CLT3723,1030.68
CLT3724,19981.53
CLT3725,9678.01
CLT3726,1472.01
CLT3727,16198.81
CLT3728,4882.05
CLT3729,1123.44
CLT3730,83082.95
CLT3731,11578.48
CLT3732,23396.11
CLT3733,2768.14
CLT3734,23004.39
CLT3735,98744.09
CLT3736,242055.76
CLT3737,134623.4
CLT3738,4585.22
CLT3739,24811.02
CLT3740,5913.75
CLT3741,7703.23
CLT3742,59140.32
CLT3743,14096.44
CLT3744,3137.89
CLT3745,6953.54
CLT3746,9577.72
CLT3747,244209.46
CLT3748,26060.65
CLT3749,171.6
CLT3750,8130.93
CLT3751,12002.36
CLT3752,7475.04
CLT3753,171988.21
CLT3754,95422.49
CLT3755,17137.03
CLT3756,66548.84
CLT3757,340.52
CLT3758,16608.5
CLT3759,1749.52
CLT3760,5430.62
CLT3761,33351.05
CLT3762,9272.62
CLT3763,10668.36
CLT3764,38039.85
CLT3765,23880.84
CLT3766,2332.69
CLT3767,20401.16
CLT3768,8191.78
CLT3769,19480.67
CLT3770,36156.77
CLT3771,2654.44
CLT3772,794.74
CLT3773,10219.61
CLT3774,2037.76
CLT3775,233804.25
CLT3776,664.96
CLT3777,6969.94
CLT3778,3379.19
CLT3779,6036.84
CLT3780,47587.63
CLT3781,13479.48
CLT3782,7732.73
CLT3783,198.41
CLT3784,10777.05
CLT3785,7605.48
CLT3786,37540.22
CLT3787,51739.45
CLT3788,4931.36
CLT3789,6806.64
CLT3790,7586.63
CLT3791,137485.32
CLT3792,322325.11
CLT3793,14183.03
CLT3794,12701.12
CLT3795,7343.67
CLT3796,531845.98
CLT3797,6642.27
CLT3798,258670.53
CLT3799,112502.75
CLT3800,10649.7
CLT3801,37165.0
CLT3802,14949.59
CLT3803,20976.77
CLT3804,20528.4
CLT3805,6564.24
CLT3806,18555.12
CLT3807,7982.63
CLT3808,3621.31
CLT3809,7665.74
CLT3810,11883.56
CLT3811,24734.62
CLT3812,1576.58
CLT3813,16665.67
CLT3814,53493.34
CLT3815,55112.3
CLT3816,8218.59
CLT3817,10817.83
CLT3818,6705.83
CLT3819,111005.82
CLT3820,8647.04
CLT3821,24131.39
CLT3822,61801.1
CLT3823,131880.45
CLT3824,245420.18
CLT3825,1041.66
CLT3826,163.56
CLT3827,468.69
CLT3828,281.53
CLT3829,6559.71
CLT3830,8161.71
CLT3831,4235.57
CLT3832,3243.8
CLT3833,13147.53
CLT3834,40179.41
CLT3835,0.0
CLT3836,12365.96
CLT3837,654998.43
CLT3838,74439.47
CLT3839,26384.14
CLT3840,16130.96
CLT3841,2132.4
CLT3842,355813.21
CLT3843,83738.17
CLT3844,1835.59
CLT3845,2576.67
CLT3846,4481.18
CLT3847,572.45
CLT3848,3388.29
CLT3849,35214.29
CLT3850,71816.7
CLT3851,6496.43
CLT3852,5438.93
CLT3853,10985.62
CLT3854,16887.83
CLT3855,18517.84
CLT3856,1293.17
CLT3857,2453.34
CLT3858,14725.46
CLT3859,335736.3
CLT3860,4311.44
CLT3861,4134.5
CLT3862,26608.57
CLT3863,4207.98
CLT3864,15636.3
CLT3865,265650.67
CLT3866,6088.59
CLT3867,326994.36
CLT3868,3098.45
CLT3869,3414.09
CLT3870,3345.67
CLT3871,1754.87
CLT3872,2058.13
CLT3873,6.97
CLT3874,1899.67
CLT3875,38491.42
CLT3876,22220.37
CLT3877,9032.33
CLT3878,151097.95
CLT3879,67175.89
CLT3880,45561.26
CLT3881,87402.33
CLT3882,32362.34
CLT3883,48527.91
CLT3884,10834.95
CLT3885,48021.32
CLT3886,13601.74
CLT3887,39026.17
CLT3888,544898.69
CLT3889,4363.21
CLT3890,8814.65
CLT3891,3285.98
CLT3892,55224.8
CLT3893,11659.71
CLT3894,1680.06
CLT3895,1339.28
CLT3896,15187.99
CLT3897,30515.46
CLT3898,2932.86
CLT3899,205689.78
CLT3900,22911.83
CLT3901,8192.55
CLT3902,374.03
CLT3903,20889.72
CLT3904,4379.82
CLT3905,79.63
CLT3906,1019310.47
CLT3907,768.17
CLT3908,1880.37
CLT3909,7246.36
CLT3910,0.0
CLT3911,23246.89
CLT3912,5738.79
CLT3913,226271.16
CLT3914,29494.14
CLT3915,8572.77
CLT3916,9484.4
CLT3917,35892.7
CLT3918,5468.69
CLT3919,14140.92
CLT3920,49533.8
CLT3921,187746.99
CLT3922,11780.1
CLT3923,13272.26
CLT3924,13892.94
CLT3925,21459.68
CLT3926,6466.64
CLT3927,16752.66
CLT3928,12116.58
CLT3929,1715.99
CLT3930,24517.13
CLT3931,3764.47
CLT3932,230469.87
CLT3933,1324.54
CLT3934,10607.29
CLT3935,12604.53
CLT3936,24705.13
CLT3937,74130.16
CLT3938,10573.52
CLT3939,6722.43
CLT3940,3378.36
CLT3941,3735.31
CLT3942,492229.0
CLT3943,66784.07
CLT3944,4341.88
CLT3945,13356.36
CLT3946,65801.96
CLT3947,49304.02
CLT3948,17341.82
CLT3949,1687.86
CLT3950,6373.87
CLT3951,254171.85
CLT3952,7205.6
CLT3953,6928.89
CLT3954,1685305.15
CLT3955,8829.91
CLT3956,431.68
CLT3957,311966.38
CLT3958,25533.61
CLT3959,70649.61
CLT3960,1837.45
CLT3961,8965.84
CLT3962,483010.09
CLT3963,61177.54
CLT3964,14564.6
CLT3965,21537.89
CLT3966,12162.99
CLT3967,2447.71
CLT3968,85394.69
CLT3969,2029.16
CLT3970,5111.82
CLT3971,126642.25
CLT3972,5007.77
CLT3973,1090.74
CLT3974,5136.72
CLT3975,10514.49
CLT3976,3430.41
CLT3977,2020.32
CLT3978,313470.63
CLT3979,294607.46
CLT3980,1536.36
CLT3981,18184.26
CLT3982,94658.86
CLT3983,25259.05
CLT3984,3719.96
CLT3985,68095.85
CLT3986,120004.25
CLT3987,95705.31
CLT3988,2033.74
CLT3989,107054.82
CLT3990,20902.09
CLT3991,51.48
CLT3992,9632.38
CLT3993,83547.75
CLT3994,3914.62
CLT3995,8873.33
CLT3996,17255.52
CLT3997,83599.22
CLT3998,8556.42
CLT3999,10312.08
CLT4000,4052.44
CLT4001,30583.21
CLT4002,7503.75
CLT4003,6368.75
CLT4004,15385.56
CLT4005,91.16
CLT4006,68724.53
CLT4007,28135.76
CLT4008,11071.69
CLT4009,62038.81
CLT4010,18719.95
CLT4011,152470.29
CLT4012,2359.5
CLT4013,128734.55
CLT4014,0.0
CLT4015,71504.56
CLT4016,30072.21
CLT4017,2146.11
CLT4018,15864.71
CLT4019,4343.09
CLT4020,8680.57
CLT4021,5496.58
CLT4022,32972.77
CLT4023,24229.43
CLT4024,3969.59
CLT4025,23377.87
CLT4026,9514.7
CLT4027,6858.38
CLT4028,469183.54
CLT4029,149092.5
CLT4030,18368.53
CLT4031,16053.02
CLT4032,34341.8
CLT4033,39435.82
CLT4034,3367.62
CLT4035,14832.18
CLT4036,11692.42
CLT4037,9897.59
CLT4038,259764.44
CLT4039,3919.98
CLT4040,15280.45
CLT4041,8878.71
CLT4042,2193.53
CLT4043,4991.69
CLT4044,8468.0
CLT4045,11360.46
CLT4046,290.92
CLT4047,58319.97
CLT4048,79674.58
